-- insert_hotels_data.sql
WHENEVER SQLERROR CONTINUE
INSERT INTO Societe (CodeSoc, RaisonSoc, RueSoc, CpSoc, VilleSoc, DomaineSoc) VALUES (1, 'Societe 01 Informatique', '190 boulevard des Capucines', '5012', 'Genève', 'BTP');
INSERT INTO Societe (CodeSoc, RaisonSoc, RueSoc, CpSoc, VilleSoc, DomaineSoc) VALUES (2, 'Societe 02 Banque', '152 rue de la Paix', '1520', 'Madrid', 'Informatique');
INSERT INTO Societe (CodeSoc, RaisonSoc, RueSoc, CpSoc, VilleSoc, DomaineSoc) VALUES (3, 'Societe 03 BTP', '130 chemin des Prés', '13478', 'Lyon', 'BTP');
INSERT INTO Societe (CodeSoc, RaisonSoc, RueSoc, CpSoc, VilleSoc, DomaineSoc) VALUES (4, 'Societe 04 Agroalimentaire', '57 rue de la Paix', '5557', 'Lausanne', 'Informatique');
INSERT INTO Societe (CodeSoc, RaisonSoc, RueSoc, CpSoc, VilleSoc, DomaineSoc) VALUES (5, 'Societe 05 Agroalimentaire', '88 boulevard des Capucines', '3547', 'Lisbonne', 'BTP');
INSERT INTO Societe (CodeSoc, RaisonSoc, RueSoc, CpSoc, VilleSoc, DomaineSoc) VALUES (6, 'Societe 06 Banque', '24 rue de la Paix', '2584', 'Porto', 'Transport');
INSERT INTO Societe (CodeSoc, RaisonSoc, RueSoc, CpSoc, VilleSoc, DomaineSoc) VALUES (7, 'Societe 07 Conseil', '12 allée des Acacias', '8527', 'Porto', 'Banque');
INSERT INTO Societe (CodeSoc, RaisonSoc, RueSoc, CpSoc, VilleSoc, DomaineSoc) VALUES (8, 'Societe 08 Conseil', '161 chemin des Prés', '6925', 'Berlin', 'BTP');
INSERT INTO Societe (CodeSoc, RaisonSoc, RueSoc, CpSoc, VilleSoc, DomaineSoc) VALUES (9, 'Societe 09 Informatique', '170 avenue de la République', '5741', 'Genève', 'Banque');
INSERT INTO Societe (CodeSoc, RaisonSoc, RueSoc, CpSoc, VilleSoc, DomaineSoc) VALUES (10, 'Societe 10 Banque', '98 boulevard des Capucines', '8428', 'Lisbonne', 'Transport');
INSERT INTO Societe (CodeSoc, RaisonSoc, RueSoc, CpSoc, VilleSoc, DomaineSoc) VALUES (11, 'Societe 11 Transport', '54 allée des Acacias', '5374', 'Valence', 'Banque');
INSERT INTO Societe (CodeSoc, RaisonSoc, RueSoc, CpSoc, VilleSoc, DomaineSoc) VALUES (12, 'Societe 12 Assurance', '137 allée des Acacias', '5010', 'Anvers', 'Assurance');
INSERT INTO Societe (CodeSoc, RaisonSoc, RueSoc, CpSoc, VilleSoc, DomaineSoc) VALUES (13, 'Societe 13 Conseil', '164 allée des Acacias', '4598', 'Cologne', 'Transport');
INSERT INTO Societe (CodeSoc, RaisonSoc, RueSoc, CpSoc, VilleSoc, DomaineSoc) VALUES (14, 'Societe 14 BTP', '9 quai des Arts', '6168', 'Lisbonne', 'Agroalimentaire');
INSERT INTO Societe (CodeSoc, RaisonSoc, RueSoc, CpSoc, VilleSoc, DomaineSoc) VALUES (15, 'Societe 15 BTP', '146 allée des Acacias', '6155', 'Rome', 'BTP');
INSERT INTO Societe (CodeSoc, RaisonSoc, RueSoc, CpSoc, VilleSoc, DomaineSoc) VALUES (16, 'Societe 16 Agroalimentaire', '165 rue de la Paix', '3340', 'Zurich', 'Conseil');
INSERT INTO Societe (CodeSoc, RaisonSoc, RueSoc, CpSoc, VilleSoc, DomaineSoc) VALUES (17, 'Societe 17 Conseil', '192 chemin des Prés', '8019', 'Barcelone', 'Agroalimentaire');
INSERT INTO Societe (CodeSoc, RaisonSoc, RueSoc, CpSoc, VilleSoc, DomaineSoc) VALUES (18, 'Societe 18 Assurance', '131 rue de la Paix', '2489', 'Milan', 'Informatique');
INSERT INTO Societe (CodeSoc, RaisonSoc, RueSoc, CpSoc, VilleSoc, DomaineSoc) VALUES (19, 'Societe 19 Assurance', '161 avenue de la République', '7916', 'Lisbonne', 'Banque');
INSERT INTO Societe (CodeSoc, RaisonSoc, RueSoc, CpSoc, VilleSoc, DomaineSoc) VALUES (20, 'Societe 20 Énergie', '136 boulevard des Capucines', '1188', 'Cologne', 'Banque');
INSERT INTO Societe (CodeSoc, RaisonSoc, RueSoc, CpSoc, VilleSoc, DomaineSoc) VALUES (21, 'Societe 21 Conseil', '197 allée des Acacias', '6573', 'Lausanne', 'Banque');
INSERT INTO Societe (CodeSoc, RaisonSoc, RueSoc, CpSoc, VilleSoc, DomaineSoc) VALUES (22, 'Societe 22 Assurance', '117 rue Victor-Hugo', '5315', 'Naples', 'Assurance');
INSERT INTO Societe (CodeSoc, RaisonSoc, RueSoc, CpSoc, VilleSoc, DomaineSoc) VALUES (23, 'Societe 23 Conseil', '164 chemin des Prés', '4258', 'Bruxelles', 'Assurance');
INSERT INTO Societe (CodeSoc, RaisonSoc, RueSoc, CpSoc, VilleSoc, DomaineSoc) VALUES (24, 'Societe 24 Informatique', '154 boulevard des Capucines', '9005', 'Milan', 'Informatique');
INSERT INTO Societe (CodeSoc, RaisonSoc, RueSoc, CpSoc, VilleSoc, DomaineSoc) VALUES (25, 'Societe 25 Conseil', '62 rue Victor-Hugo', '41571', 'Marseille', 'Banque');
INSERT INTO Societe (CodeSoc, RaisonSoc, RueSoc, CpSoc, VilleSoc, DomaineSoc) VALUES (26, 'Societe 26 Énergie', '18 quai des Arts', '79822', 'Nice', 'Assurance');
INSERT INTO Societe (CodeSoc, RaisonSoc, RueSoc, CpSoc, VilleSoc, DomaineSoc) VALUES (27, 'Societe 27 Assurance', '68 chemin des Prés', '7932', 'Séville', 'BTP');
INSERT INTO Societe (CodeSoc, RaisonSoc, RueSoc, CpSoc, VilleSoc, DomaineSoc) VALUES (28, 'Societe 28 BTP', '183 boulevard des Capucines', '7537', 'Anvers', 'Transport');
INSERT INTO Societe (CodeSoc, RaisonSoc, RueSoc, CpSoc, VilleSoc, DomaineSoc) VALUES (29, 'Societe 29 Banque', '64 avenue de la République', '2049', 'Cologne', 'Transport');
INSERT INTO Societe (CodeSoc, RaisonSoc, RueSoc, CpSoc, VilleSoc, DomaineSoc) VALUES (30, 'Societe 30 BTP', '151 avenue de la République', '10942', 'Lille', 'Banque');
INSERT INTO Societe (CodeSoc, RaisonSoc, RueSoc, CpSoc, VilleSoc, DomaineSoc) VALUES (31, 'Societe 31 Informatique', '59 rue Victor-Hugo', '1514', 'Lausanne', 'Transport');
INSERT INTO Societe (CodeSoc, RaisonSoc, RueSoc, CpSoc, VilleSoc, DomaineSoc) VALUES (32, 'Societe 32 BTP', '72 allée des Acacias', '73624', 'Lille', 'BTP');
INSERT INTO Societe (CodeSoc, RaisonSoc, RueSoc, CpSoc, VilleSoc, DomaineSoc) VALUES (33, 'Societe 33 Énergie', '63 quai des Arts', '8749', 'Bruxelles', 'Agroalimentaire');
INSERT INTO Societe (CodeSoc, RaisonSoc, RueSoc, CpSoc, VilleSoc, DomaineSoc) VALUES (34, 'Societe 34 Banque', '169 rue de la Paix', '6804', 'Madrid', 'Agroalimentaire');
INSERT INTO Societe (CodeSoc, RaisonSoc, RueSoc, CpSoc, VilleSoc, DomaineSoc) VALUES (35, 'Societe 35 Informatique', '173 allée des Acacias', '2612', 'Cologne', 'Informatique');
INSERT INTO Societe (CodeSoc, RaisonSoc, RueSoc, CpSoc, VilleSoc, DomaineSoc) VALUES (36, 'Societe 36 Banque', '64 avenue de la République', '4116', 'Hambourg', 'Énergie');
INSERT INTO Societe (CodeSoc, RaisonSoc, RueSoc, CpSoc, VilleSoc, DomaineSoc) VALUES (37, 'Societe 37 Assurance', '72 rue de la Paix', '5092', 'Séville', 'Banque');
INSERT INTO Societe (CodeSoc, RaisonSoc, RueSoc, CpSoc, VilleSoc, DomaineSoc) VALUES (38, 'Societe 38 Informatique', '167 chemin des Prés', '1241', 'Berlin', 'Banque');
INSERT INTO Societe (CodeSoc, RaisonSoc, RueSoc, CpSoc, VilleSoc, DomaineSoc) VALUES (39, 'Societe 39 Assurance', '105 rue de la Paix', '8886', 'Lisbonne', 'BTP');
INSERT INTO Societe (CodeSoc, RaisonSoc, RueSoc, CpSoc, VilleSoc, DomaineSoc) VALUES (40, 'Societe 40 Informatique', '43 rue de la Paix', '1035', 'Porto', 'Agroalimentaire');
INSERT INTO Societe (CodeSoc, RaisonSoc, RueSoc, CpSoc, VilleSoc, DomaineSoc) VALUES (41, 'Societe 41 Conseil', '109 allée des Acacias', '8973', 'Naples', 'Assurance');
INSERT INTO Societe (CodeSoc, RaisonSoc, RueSoc, CpSoc, VilleSoc, DomaineSoc) VALUES (42, 'Societe 42 BTP', '15 chemin des Prés', '9883', 'Valence', 'Informatique');
INSERT INTO Societe (CodeSoc, RaisonSoc, RueSoc, CpSoc, VilleSoc, DomaineSoc) VALUES (43, 'Societe 43 Informatique', '13 chemin des Prés', '8811', 'Zurich', 'Assurance');
INSERT INTO Societe (CodeSoc, RaisonSoc, RueSoc, CpSoc, VilleSoc, DomaineSoc) VALUES (44, 'Societe 44 Banque', '48 rue Victor-Hugo', '87992', 'Lille', 'Banque');
INSERT INTO Societe (CodeSoc, RaisonSoc, RueSoc, CpSoc, VilleSoc, DomaineSoc) VALUES (45, 'Societe 45 Agroalimentaire', '31 chemin des Prés', '5033', 'Genève', 'Informatique');
INSERT INTO Societe (CodeSoc, RaisonSoc, RueSoc, CpSoc, VilleSoc, DomaineSoc) VALUES (46, 'Societe 46 Agroalimentaire', '169 chemin des Prés', '9565', 'Bruxelles', 'Transport');
INSERT INTO Societe (CodeSoc, RaisonSoc, RueSoc, CpSoc, VilleSoc, DomaineSoc) VALUES (47, 'Societe 47 Transport', '62 boulevard des Capucines', '7484', 'Milan', 'Assurance');
INSERT INTO Societe (CodeSoc, RaisonSoc, RueSoc, CpSoc, VilleSoc, DomaineSoc) VALUES (48, 'Societe 48 Conseil', '118 boulevard des Capucines', '2188', 'Lausanne', 'Informatique');
INSERT INTO Societe (CodeSoc, RaisonSoc, RueSoc, CpSoc, VilleSoc, DomaineSoc) VALUES (49, 'Societe 49 Banque', '138 avenue de la République', '9288', 'Berlin', 'Conseil');
INSERT INTO Societe (CodeSoc, RaisonSoc, RueSoc, CpSoc, VilleSoc, DomaineSoc) VALUES (50, 'Societe 50 Banque', '63 boulevard des Capucines', '5669', 'Valence', 'Assurance');

INSERT INTO Groupe (CodeGR, NomGR, PaysOrigineGR) VALUES (1, 'Groupe Hotelier 01', 'Allemagne');
INSERT INTO Groupe (CodeGR, NomGR, PaysOrigineGR) VALUES (2, 'Groupe Hotelier 02', 'Portugal');
INSERT INTO Groupe (CodeGR, NomGR, PaysOrigineGR) VALUES (3, 'Groupe Hotelier 03', 'Belgique');
INSERT INTO Groupe (CodeGR, NomGR, PaysOrigineGR) VALUES (4, 'Groupe Hotelier 04', 'Suisse');
INSERT INTO Groupe (CodeGR, NomGR, PaysOrigineGR) VALUES (5, 'Groupe Hotelier 05', 'Italie');
INSERT INTO Groupe (CodeGR, NomGR, PaysOrigineGR) VALUES (6, 'Groupe Hotelier 06', 'Belgique');
INSERT INTO Groupe (CodeGR, NomGR, PaysOrigineGR) VALUES (7, 'Groupe Hotelier 07', 'Portugal');
INSERT INTO Groupe (CodeGR, NomGR, PaysOrigineGR) VALUES (8, 'Groupe Hotelier 08', 'Suisse');
INSERT INTO Groupe (CodeGR, NomGR, PaysOrigineGR) VALUES (9, 'Groupe Hotelier 09', 'Belgique');
INSERT INTO Groupe (CodeGR, NomGR, PaysOrigineGR) VALUES (10, 'Groupe Hotelier 10', 'France');
INSERT INTO Groupe (CodeGR, NomGR, PaysOrigineGR) VALUES (11, 'Groupe Hotelier 11', 'Suisse');
INSERT INTO Groupe (CodeGR, NomGR, PaysOrigineGR) VALUES (12, 'Groupe Hotelier 12', 'Portugal');
INSERT INTO Groupe (CodeGR, NomGR, PaysOrigineGR) VALUES (13, 'Groupe Hotelier 13', 'Belgique');
INSERT INTO Groupe (CodeGR, NomGR, PaysOrigineGR) VALUES (14, 'Groupe Hotelier 14', 'Italie');
INSERT INTO Groupe (CodeGR, NomGR, PaysOrigineGR) VALUES (15, 'Groupe Hotelier 15', 'Suisse');
INSERT INTO Groupe (CodeGR, NomGR, PaysOrigineGR) VALUES (16, 'Groupe Hotelier 16', 'France');
INSERT INTO Groupe (CodeGR, NomGR, PaysOrigineGR) VALUES (17, 'Groupe Hotelier 17', 'Espagne');
INSERT INTO Groupe (CodeGR, NomGR, PaysOrigineGR) VALUES (18, 'Groupe Hotelier 18', 'Italie');
INSERT INTO Groupe (CodeGR, NomGR, PaysOrigineGR) VALUES (19, 'Groupe Hotelier 19', 'France');
INSERT INTO Groupe (CodeGR, NomGR, PaysOrigineGR) VALUES (20, 'Groupe Hotelier 20', 'France');
INSERT INTO Groupe (CodeGR, NomGR, PaysOrigineGR) VALUES (21, 'Groupe Hotelier 21', 'Suisse');
INSERT INTO Groupe (CodeGR, NomGR, PaysOrigineGR) VALUES (22, 'Groupe Hotelier 22', 'Belgique');
INSERT INTO Groupe (CodeGR, NomGR, PaysOrigineGR) VALUES (23, 'Groupe Hotelier 23', 'Espagne');
INSERT INTO Groupe (CodeGR, NomGR, PaysOrigineGR) VALUES (24, 'Groupe Hotelier 24', 'Italie');
INSERT INTO Groupe (CodeGR, NomGR, PaysOrigineGR) VALUES (25, 'Groupe Hotelier 25', 'Italie');
INSERT INTO Groupe (CodeGR, NomGR, PaysOrigineGR) VALUES (26, 'Groupe Hotelier 26', 'Belgique');
INSERT INTO Groupe (CodeGR, NomGR, PaysOrigineGR) VALUES (27, 'Groupe Hotelier 27', 'Espagne');
INSERT INTO Groupe (CodeGR, NomGR, PaysOrigineGR) VALUES (28, 'Groupe Hotelier 28', 'Suisse');
INSERT INTO Groupe (CodeGR, NomGR, PaysOrigineGR) VALUES (29, 'Groupe Hotelier 29', 'Italie');
INSERT INTO Groupe (CodeGR, NomGR, PaysOrigineGR) VALUES (30, 'Groupe Hotelier 30', 'Espagne');
INSERT INTO Groupe (CodeGR, NomGR, PaysOrigineGR) VALUES (31, 'Groupe Hotelier 31', 'Suisse');
INSERT INTO Groupe (CodeGR, NomGR, PaysOrigineGR) VALUES (32, 'Groupe Hotelier 32', 'Suisse');
INSERT INTO Groupe (CodeGR, NomGR, PaysOrigineGR) VALUES (33, 'Groupe Hotelier 33', 'Portugal');
INSERT INTO Groupe (CodeGR, NomGR, PaysOrigineGR) VALUES (34, 'Groupe Hotelier 34', 'Italie');
INSERT INTO Groupe (CodeGR, NomGR, PaysOrigineGR) VALUES (35, 'Groupe Hotelier 35', 'Belgique');
INSERT INTO Groupe (CodeGR, NomGR, PaysOrigineGR) VALUES (36, 'Groupe Hotelier 36', 'Allemagne');
INSERT INTO Groupe (CodeGR, NomGR, PaysOrigineGR) VALUES (37, 'Groupe Hotelier 37', 'Italie');
INSERT INTO Groupe (CodeGR, NomGR, PaysOrigineGR) VALUES (38, 'Groupe Hotelier 38', 'Portugal');
INSERT INTO Groupe (CodeGR, NomGR, PaysOrigineGR) VALUES (39, 'Groupe Hotelier 39', 'France');
INSERT INTO Groupe (CodeGR, NomGR, PaysOrigineGR) VALUES (40, 'Groupe Hotelier 40', 'France');
INSERT INTO Groupe (CodeGR, NomGR, PaysOrigineGR) VALUES (41, 'Groupe Hotelier 41', 'Suisse');
INSERT INTO Groupe (CodeGR, NomGR, PaysOrigineGR) VALUES (42, 'Groupe Hotelier 42', 'Allemagne');
INSERT INTO Groupe (CodeGR, NomGR, PaysOrigineGR) VALUES (43, 'Groupe Hotelier 43', 'Portugal');
INSERT INTO Groupe (CodeGR, NomGR, PaysOrigineGR) VALUES (44, 'Groupe Hotelier 44', 'Italie');
INSERT INTO Groupe (CodeGR, NomGR, PaysOrigineGR) VALUES (45, 'Groupe Hotelier 45', 'France');
INSERT INTO Groupe (CodeGR, NomGR, PaysOrigineGR) VALUES (46, 'Groupe Hotelier 46', 'France');
INSERT INTO Groupe (CodeGR, NomGR, PaysOrigineGR) VALUES (47, 'Groupe Hotelier 47', 'Italie');
INSERT INTO Groupe (CodeGR, NomGR, PaysOrigineGR) VALUES (48, 'Groupe Hotelier 48', 'Portugal');
INSERT INTO Groupe (CodeGR, NomGR, PaysOrigineGR) VALUES (49, 'Groupe Hotelier 49', 'Espagne');
INSERT INTO Groupe (CodeGR, NomGR, PaysOrigineGR) VALUES (50, 'Groupe Hotelier 50', 'Suisse');

INSERT INTO Hotel (CodeH, NomH, RueH, CPH, VilleH, PaysH, NbetoilesH, CodeGR) VALUES (1, 'Hotel Milan 01', '3 rue Victor-Hugo', '2232', 'Milan', 'Italie', 3, 46);
INSERT INTO Hotel (CodeH, NomH, RueH, CPH, VilleH, PaysH, NbetoilesH, CodeGR) VALUES (2, 'Hotel Bruxelles 02', '11 boulevard des Capucines', '6974', 'Bruxelles', 'Belgique', 2, 24);
INSERT INTO Hotel (CodeH, NomH, RueH, CPH, VilleH, PaysH, NbetoilesH, CodeGR) VALUES (3, 'Hotel Milan 03', '105 chemin des Prés', '3532', 'Milan', 'Italie', 3, 7);
INSERT INTO Hotel (CodeH, NomH, RueH, CPH, VilleH, PaysH, NbetoilesH, CodeGR) VALUES (4, 'Hotel Lisbonne 04', '172 quai des Arts', '5065', 'Lisbonne', 'Portugal', 4, 2);
INSERT INTO Hotel (CodeH, NomH, RueH, CPH, VilleH, PaysH, NbetoilesH, CodeGR) VALUES (5, 'Hotel Madrid 05', '90 boulevard des Capucines', '4728', 'Madrid', 'Espagne', 3, 31);
INSERT INTO Hotel (CodeH, NomH, RueH, CPH, VilleH, PaysH, NbetoilesH, CodeGR) VALUES (6, 'Hotel Nice 06', '90 allée des Acacias', '76768', 'Nice', 'France', 5, 26);
INSERT INTO Hotel (CodeH, NomH, RueH, CPH, VilleH, PaysH, NbetoilesH, CodeGR) VALUES (7, 'Hotel Lausanne 07', '68 rue Victor-Hugo', '2776', 'Lausanne', 'Suisse', 5, 17);
INSERT INTO Hotel (CodeH, NomH, RueH, CPH, VilleH, PaysH, NbetoilesH, CodeGR) VALUES (8, 'Hotel Turin 08', '49 boulevard des Capucines', '1727', 'Turin', 'Italie', 5, 8);
INSERT INTO Hotel (CodeH, NomH, RueH, CPH, VilleH, PaysH, NbetoilesH, CodeGR) VALUES (9, 'Hotel Lille 09', '94 rue de la Paix', '19171', 'Lille', 'France', 4, 35);
INSERT INTO Hotel (CodeH, NomH, RueH, CPH, VilleH, PaysH, NbetoilesH, CodeGR) VALUES (10, 'Hotel Liège 10', '171 rue de la Paix', '6344', 'Liège', 'Belgique', 5, 8);
INSERT INTO Hotel (CodeH, NomH, RueH, CPH, VilleH, PaysH, NbetoilesH, CodeGR) VALUES (11, 'Hotel Zurich 11', '174 allée des Acacias', '3851', 'Zurich', 'Suisse', 4, 13);
INSERT INTO Hotel (CodeH, NomH, RueH, CPH, VilleH, PaysH, NbetoilesH, CodeGR) VALUES (12, 'Hotel Berlin 12', '168 boulevard des Capucines', '8618', 'Berlin', 'Allemagne', 5, 28);
INSERT INTO Hotel (CodeH, NomH, RueH, CPH, VilleH, PaysH, NbetoilesH, CodeGR) VALUES (13, 'Hotel Munich 13', '73 chemin des Prés', '6491', 'Munich', 'Allemagne', 2, NULL);
INSERT INTO Hotel (CodeH, NomH, RueH, CPH, VilleH, PaysH, NbetoilesH, CodeGR) VALUES (14, 'Hotel Lisbonne 14', '12 avenue de la République', '8784', 'Lisbonne', 'Portugal', 2, NULL);
INSERT INTO Hotel (CodeH, NomH, RueH, CPH, VilleH, PaysH, NbetoilesH, CodeGR) VALUES (15, 'Hotel Cologne 15', '127 rue de la Paix', '4997', 'Cologne', 'Allemagne', 3, 13);
INSERT INTO Hotel (CodeH, NomH, RueH, CPH, VilleH, PaysH, NbetoilesH, CodeGR) VALUES (16, 'Hotel Lausanne 16', '46 quai des Arts', '9486', 'Lausanne', 'Suisse', 5, 1);
INSERT INTO Hotel (CodeH, NomH, RueH, CPH, VilleH, PaysH, NbetoilesH, CodeGR) VALUES (17, 'Hotel Lille 17', '144 chemin des Prés', '51588', 'Lille', 'France', 5, 9);
INSERT INTO Hotel (CodeH, NomH, RueH, CPH, VilleH, PaysH, NbetoilesH, CodeGR) VALUES (18, 'Hotel Anvers 18', '122 rue de la Paix', '5246', 'Anvers', 'Belgique', 3, 11);
INSERT INTO Hotel (CodeH, NomH, RueH, CPH, VilleH, PaysH, NbetoilesH, CodeGR) VALUES (19, 'Hotel Coimbra 19', '71 rue de la Paix', '2269', 'Coimbra', 'Portugal', 4, 18);
INSERT INTO Hotel (CodeH, NomH, RueH, CPH, VilleH, PaysH, NbetoilesH, CodeGR) VALUES (20, 'Hotel Valence 20', '60 rue de la Paix', '3503', 'Valence', 'Espagne', 3, 22);
INSERT INTO Hotel (CodeH, NomH, RueH, CPH, VilleH, PaysH, NbetoilesH, CodeGR) VALUES (21, 'Hotel Toulouse 21', '108 rue de la Paix', '86556', 'Toulouse', 'France', 2, 27);
INSERT INTO Hotel (CodeH, NomH, RueH, CPH, VilleH, PaysH, NbetoilesH, CodeGR) VALUES (22, 'Hotel Coimbra 22', '108 chemin des Prés', '9947', 'Coimbra', 'Portugal', 3, 1);
INSERT INTO Hotel (CodeH, NomH, RueH, CPH, VilleH, PaysH, NbetoilesH, CodeGR) VALUES (23, 'Hotel Munich 23', '172 allée des Acacias', '7624', 'Munich', 'Allemagne', 3, 28);
INSERT INTO Hotel (CodeH, NomH, RueH, CPH, VilleH, PaysH, NbetoilesH, CodeGR) VALUES (24, 'Hotel Porto 24', '145 allée des Acacias', '1444', 'Porto', 'Portugal', 2, 2);
INSERT INTO Hotel (CodeH, NomH, RueH, CPH, VilleH, PaysH, NbetoilesH, CodeGR) VALUES (25, 'Hotel Zurich 25', '84 avenue de la République', '8449', 'Zurich', 'Suisse', 4, 12);
INSERT INTO Hotel (CodeH, NomH, RueH, CPH, VilleH, PaysH, NbetoilesH, CodeGR) VALUES (26, 'Hotel Naples 26', '5 allée des Acacias', '9837', 'Naples', 'Italie', 2, 27);
INSERT INTO Hotel (CodeH, NomH, RueH, CPH, VilleH, PaysH, NbetoilesH, CodeGR) VALUES (27, 'Hotel Milan 27', '64 avenue de la République', '1333', 'Milan', 'Italie', 3, NULL);
INSERT INTO Hotel (CodeH, NomH, RueH, CPH, VilleH, PaysH, NbetoilesH, CodeGR) VALUES (28, 'Hotel Barcelone 28', '180 boulevard des Capucines', '7043', 'Barcelone', 'Espagne', 3, 8);
INSERT INTO Hotel (CodeH, NomH, RueH, CPH, VilleH, PaysH, NbetoilesH, CodeGR) VALUES (29, 'Hotel Anvers 29', '28 chemin des Prés', '1420', 'Anvers', 'Belgique', 4, 46);
INSERT INTO Hotel (CodeH, NomH, RueH, CPH, VilleH, PaysH, NbetoilesH, CodeGR) VALUES (30, 'Hotel Anvers 30', '177 quai des Arts', '4978', 'Anvers', 'Belgique', 2, 13);
INSERT INTO Hotel (CodeH, NomH, RueH, CPH, VilleH, PaysH, NbetoilesH, CodeGR) VALUES (31, 'Hotel Zurich 31', '137 rue de la Paix', '7071', 'Zurich', 'Suisse', 2, 39);
INSERT INTO Hotel (CodeH, NomH, RueH, CPH, VilleH, PaysH, NbetoilesH, CodeGR) VALUES (32, 'Hotel Anvers 32', '93 allée des Acacias', '8532', 'Anvers', 'Belgique', 3, 27);
INSERT INTO Hotel (CodeH, NomH, RueH, CPH, VilleH, PaysH, NbetoilesH, CodeGR) VALUES (33, 'Hotel Munich 33', '199 rue de la Paix', '8616', 'Munich', 'Allemagne', 5, 18);
INSERT INTO Hotel (CodeH, NomH, RueH, CPH, VilleH, PaysH, NbetoilesH, CodeGR) VALUES (34, 'Hotel Coimbra 34', '116 avenue de la République', '8613', 'Coimbra', 'Portugal', 5, 18);
INSERT INTO Hotel (CodeH, NomH, RueH, CPH, VilleH, PaysH, NbetoilesH, CodeGR) VALUES (35, 'Hotel Rome 35', '88 boulevard des Capucines', '5526', 'Rome', 'Italie', 2, 21);
INSERT INTO Hotel (CodeH, NomH, RueH, CPH, VilleH, PaysH, NbetoilesH, CodeGR) VALUES (36, 'Hotel Bruxelles 36', '195 avenue de la République', '8800', 'Bruxelles', 'Belgique', 5, 27);
INSERT INTO Hotel (CodeH, NomH, RueH, CPH, VilleH, PaysH, NbetoilesH, CodeGR) VALUES (37, 'Hotel Berlin 37', '79 allée des Acacias', '7046', 'Berlin', 'Allemagne', 5, 6);
INSERT INTO Hotel (CodeH, NomH, RueH, CPH, VilleH, PaysH, NbetoilesH, CodeGR) VALUES (38, 'Hotel Anvers 38', '180 rue de la Paix', '5438', 'Anvers', 'Belgique', 4, 28);
INSERT INTO Hotel (CodeH, NomH, RueH, CPH, VilleH, PaysH, NbetoilesH, CodeGR) VALUES (39, 'Hotel Milan 39', '196 allée des Acacias', '4033', 'Milan', 'Italie', 3, 21);
INSERT INTO Hotel (CodeH, NomH, RueH, CPH, VilleH, PaysH, NbetoilesH, CodeGR) VALUES (40, 'Hotel Séville 40', '73 rue Victor-Hugo', '4180', 'Séville', 'Espagne', 4, 49);
INSERT INTO Hotel (CodeH, NomH, RueH, CPH, VilleH, PaysH, NbetoilesH, CodeGR) VALUES (41, 'Hotel Valence 41', '71 rue Victor-Hugo', '1893', 'Valence', 'Espagne', 4, 12);
INSERT INTO Hotel (CodeH, NomH, RueH, CPH, VilleH, PaysH, NbetoilesH, CodeGR) VALUES (42, 'Hotel Genève 42', '73 rue de la Paix', '8843', 'Genève', 'Suisse', 5, 7);
INSERT INTO Hotel (CodeH, NomH, RueH, CPH, VilleH, PaysH, NbetoilesH, CodeGR) VALUES (43, 'Hotel Milan 43', '126 rue Victor-Hugo', '1878', 'Milan', 'Italie', 3, 31);
INSERT INTO Hotel (CodeH, NomH, RueH, CPH, VilleH, PaysH, NbetoilesH, CodeGR) VALUES (44, 'Hotel Valence 44', '156 chemin des Prés', '4697', 'Valence', 'Espagne', 5, 8);
INSERT INTO Hotel (CodeH, NomH, RueH, CPH, VilleH, PaysH, NbetoilesH, CodeGR) VALUES (45, 'Hotel Cologne 45', '157 allée des Acacias', '2625', 'Cologne', 'Allemagne', 3, NULL);
INSERT INTO Hotel (CodeH, NomH, RueH, CPH, VilleH, PaysH, NbetoilesH, CodeGR) VALUES (46, 'Hotel Genève 46', '142 rue Victor-Hugo', '3564', 'Genève', 'Suisse', 2, 17);
INSERT INTO Hotel (CodeH, NomH, RueH, CPH, VilleH, PaysH, NbetoilesH, CodeGR) VALUES (47, 'Hotel Cologne 47', '74 allée des Acacias', '5632', 'Cologne', 'Allemagne', 5, 45);
INSERT INTO Hotel (CodeH, NomH, RueH, CPH, VilleH, PaysH, NbetoilesH, CodeGR) VALUES (48, 'Hotel Nice 48', '109 rue Victor-Hugo', '81376', 'Nice', 'France', 3, 15);
INSERT INTO Hotel (CodeH, NomH, RueH, CPH, VilleH, PaysH, NbetoilesH, CodeGR) VALUES (49, 'Hotel Genève 49', '153 allée des Acacias', '5728', 'Genève', 'Suisse', 5, 10);
INSERT INTO Hotel (CodeH, NomH, RueH, CPH, VilleH, PaysH, NbetoilesH, CodeGR) VALUES (50, 'Hotel Toulouse 50', '127 rue de la Paix', '20543', 'Toulouse', 'France', 2, 18);

INSERT INTO TypeCH (CodeTyCH, NomTyCH) VALUES (1, 'Type 01');
INSERT INTO TypeCH (CodeTyCH, NomTyCH) VALUES (2, 'Type 02');
INSERT INTO TypeCH (CodeTyCH, NomTyCH) VALUES (3, 'Type 03');
INSERT INTO TypeCH (CodeTyCH, NomTyCH) VALUES (4, 'Type 04');
INSERT INTO TypeCH (CodeTyCH, NomTyCH) VALUES (5, 'Type 05');
INSERT INTO TypeCH (CodeTyCH, NomTyCH) VALUES (6, 'Type 06');
INSERT INTO TypeCH (CodeTyCH, NomTyCH) VALUES (7, 'Type 07');
INSERT INTO TypeCH (CodeTyCH, NomTyCH) VALUES (8, 'Type 08');
INSERT INTO TypeCH (CodeTyCH, NomTyCH) VALUES (9, 'Type 09');
INSERT INTO TypeCH (CodeTyCH, NomTyCH) VALUES (10, 'Type 10');
INSERT INTO TypeCH (CodeTyCH, NomTyCH) VALUES (11, 'Type 11');
INSERT INTO TypeCH (CodeTyCH, NomTyCH) VALUES (12, 'Type 12');
INSERT INTO TypeCH (CodeTyCH, NomTyCH) VALUES (13, 'Type 13');
INSERT INTO TypeCH (CodeTyCH, NomTyCH) VALUES (14, 'Type 14');
INSERT INTO TypeCH (CodeTyCH, NomTyCH) VALUES (15, 'Type 15');
INSERT INTO TypeCH (CodeTyCH, NomTyCH) VALUES (16, 'Type 16');
INSERT INTO TypeCH (CodeTyCH, NomTyCH) VALUES (17, 'Type 17');
INSERT INTO TypeCH (CodeTyCH, NomTyCH) VALUES (18, 'Type 18');
INSERT INTO TypeCH (CodeTyCH, NomTyCH) VALUES (19, 'Type 19');
INSERT INTO TypeCH (CodeTyCH, NomTyCH) VALUES (20, 'Type 20');
INSERT INTO TypeCH (CodeTyCH, NomTyCH) VALUES (21, 'Type 21');
INSERT INTO TypeCH (CodeTyCH, NomTyCH) VALUES (22, 'Type 22');
INSERT INTO TypeCH (CodeTyCH, NomTyCH) VALUES (23, 'Type 23');
INSERT INTO TypeCH (CodeTyCH, NomTyCH) VALUES (24, 'Type 24');
INSERT INTO TypeCH (CodeTyCH, NomTyCH) VALUES (25, 'Type 25');
INSERT INTO TypeCH (CodeTyCH, NomTyCH) VALUES (26, 'Type 26');
INSERT INTO TypeCH (CodeTyCH, NomTyCH) VALUES (27, 'Type 27');
INSERT INTO TypeCH (CodeTyCH, NomTyCH) VALUES (28, 'Type 28');
INSERT INTO TypeCH (CodeTyCH, NomTyCH) VALUES (29, 'Type 29');
INSERT INTO TypeCH (CodeTyCH, NomTyCH) VALUES (30, 'Type 30');
INSERT INTO TypeCH (CodeTyCH, NomTyCH) VALUES (31, 'Type 31');
INSERT INTO TypeCH (CodeTyCH, NomTyCH) VALUES (32, 'Type 32');
INSERT INTO TypeCH (CodeTyCH, NomTyCH) VALUES (33, 'Type 33');
INSERT INTO TypeCH (CodeTyCH, NomTyCH) VALUES (34, 'Type 34');
INSERT INTO TypeCH (CodeTyCH, NomTyCH) VALUES (35, 'Type 35');
INSERT INTO TypeCH (CodeTyCH, NomTyCH) VALUES (36, 'Type 36');
INSERT INTO TypeCH (CodeTyCH, NomTyCH) VALUES (37, 'Type 37');
INSERT INTO TypeCH (CodeTyCH, NomTyCH) VALUES (38, 'Type 38');
INSERT INTO TypeCH (CodeTyCH, NomTyCH) VALUES (39, 'Type 39');
INSERT INTO TypeCH (CodeTyCH, NomTyCH) VALUES (40, 'Type 40');
INSERT INTO TypeCH (CodeTyCH, NomTyCH) VALUES (41, 'Type 41');
INSERT INTO TypeCH (CodeTyCH, NomTyCH) VALUES (42, 'Type 42');
INSERT INTO TypeCH (CodeTyCH, NomTyCH) VALUES (43, 'Type 43');
INSERT INTO TypeCH (CodeTyCH, NomTyCH) VALUES (44, 'Type 44');
INSERT INTO TypeCH (CodeTyCH, NomTyCH) VALUES (45, 'Type 45');
INSERT INTO TypeCH (CodeTyCH, NomTyCH) VALUES (46, 'Type 46');
INSERT INTO TypeCH (CodeTyCH, NomTyCH) VALUES (47, 'Type 47');
INSERT INTO TypeCH (CodeTyCH, NomTyCH) VALUES (48, 'Type 48');
INSERT INTO TypeCH (CodeTyCH, NomTyCH) VALUES (49, 'Type 49');
INSERT INTO TypeCH (CodeTyCH, NomTyCH) VALUES (50, 'Type 50');

INSERT INTO Client (CodeC, CivC, NomC, PrenomC, RueFacC, CPostalFacC, VilleFacC, CodeSoc) VALUES (1, 'M', 'Simon', 'Xavier', '196 quai des Arts', '32962', 'Lille', NULL);
INSERT INTO Client (CodeC, CivC, NomC, PrenomC, RueFacC, CPostalFacC, VilleFacC, CodeSoc) VALUES (2, 'M', 'Garcia', 'Ugo', '172 rue Victor-Hugo', '31079', 'Marseille', 32);
INSERT INTO Client (CodeC, CivC, NomC, PrenomC, RueFacC, CPostalFacC, VilleFacC, CodeSoc) VALUES (3, 'Mme', 'David', 'Wassim', '132 quai des Arts', '10150', 'Marseille', 6);
INSERT INTO Client (CodeC, CivC, NomC, PrenomC, RueFacC, CPostalFacC, VilleFacC, CodeSoc) VALUES (4, 'M', 'Garcia', 'Rania', '141 avenue de la République', '47752', 'Toulouse', 24);
INSERT INTO Client (CodeC, CivC, NomC, PrenomC, RueFacC, CPostalFacC, VilleFacC, CodeSoc) VALUES (5, 'Mme', 'David', 'Wassim', '24 avenue de la République', '24871', 'Paris', 11);
INSERT INTO Client (CodeC, CivC, NomC, PrenomC, RueFacC, CPostalFacC, VilleFacC, CodeSoc) VALUES (6, 'M', 'Robert', 'David', '38 rue de la Paix', '34983', 'Toulouse', 44);
INSERT INTO Client (CodeC, CivC, NomC, PrenomC, RueFacC, CPostalFacC, VilleFacC, CodeSoc) VALUES (7, 'M', 'Robert', 'Quentin', '169 rue de la Paix', '29476', 'Nantes', 20);
INSERT INTO Client (CodeC, CivC, NomC, PrenomC, RueFacC, CPostalFacC, VilleFacC, CodeSoc) VALUES (8, 'Mme', 'Laurent', 'Paul', '199 rue de la Paix', '15720', 'Marseille', 35);
INSERT INTO Client (CodeC, CivC, NomC, PrenomC, RueFacC, CPostalFacC, VilleFacC, CodeSoc) VALUES (9, 'Mme', 'Lefebvre', 'Paul', '26 chemin des Prés', '69890', 'Toulouse', 33);
INSERT INTO Client (CodeC, CivC, NomC, PrenomC, RueFacC, CPostalFacC, VilleFacC, CodeSoc) VALUES (10, 'Mme', 'Michel', 'Emma', '173 quai des Arts', '79942', 'Nantes', 17);
INSERT INTO Client (CodeC, CivC, NomC, PrenomC, RueFacC, CPostalFacC, VilleFacC, CodeSoc) VALUES (11, 'Mme', 'David', 'Karim', '26 quai des Arts', '93066', 'Nantes', 41);
INSERT INTO Client (CodeC, CivC, NomC, PrenomC, RueFacC, CPostalFacC, VilleFacC, CodeSoc) VALUES (12, 'M', 'Garcia', 'David', '63 chemin des Prés', '64008', 'Lyon', 20);
INSERT INTO Client (CodeC, CivC, NomC, PrenomC, RueFacC, CPostalFacC, VilleFacC, CodeSoc) VALUES (13, 'M', 'Richard', 'Zoé', '119 allée des Acacias', '43289', 'Lyon', 40);
INSERT INTO Client (CodeC, CivC, NomC, PrenomC, RueFacC, CPostalFacC, VilleFacC, CodeSoc) VALUES (14, 'M', 'Martin', 'Victor', '109 allée des Acacias', '42780', 'Nantes', 20);
INSERT INTO Client (CodeC, CivC, NomC, PrenomC, RueFacC, CPostalFacC, VilleFacC, CodeSoc) VALUES (15, 'M', 'Petit', 'Jules', '102 boulevard des Capucines', '11061', 'Toulouse', 2);
INSERT INTO Client (CodeC, CivC, NomC, PrenomC, RueFacC, CPostalFacC, VilleFacC, CodeSoc) VALUES (16, 'M', 'Bernard', 'Victor', '174 quai des Arts', '27927', 'Lille', 15);
INSERT INTO Client (CodeC, CivC, NomC, PrenomC, RueFacC, CPostalFacC, VilleFacC, CodeSoc) VALUES (17, 'M', 'Bernard', 'Ugo', '34 quai des Arts', '80701', 'Marseille', 38);
INSERT INTO Client (CodeC, CivC, NomC, PrenomC, RueFacC, CPostalFacC, VilleFacC, CodeSoc) VALUES (18, 'M', 'Bertrand', 'Léa', '174 allée des Acacias', '62089', 'Lille', 17);
INSERT INTO Client (CodeC, CivC, NomC, PrenomC, RueFacC, CPostalFacC, VilleFacC, CodeSoc) VALUES (19, 'M', 'Roux', 'Zoé', '164 boulevard des Capucines', '24201', 'Marseille', 8);
INSERT INTO Client (CodeC, CivC, NomC, PrenomC, RueFacC, CPostalFacC, VilleFacC, CodeSoc) VALUES (20, 'M', 'Martin', 'Paul', '36 rue Victor-Hugo', '14877', 'Lille', 36);
INSERT INTO Client (CodeC, CivC, NomC, PrenomC, RueFacC, CPostalFacC, VilleFacC, CodeSoc) VALUES (21, 'Mme', 'Thomas', 'Paul', '107 allée des Acacias', '22978', 'Paris', 35);
INSERT INTO Client (CodeC, CivC, NomC, PrenomC, RueFacC, CPostalFacC, VilleFacC, CodeSoc) VALUES (22, 'M', 'Michel', 'Théo', '166 boulevard des Capucines', '17936', 'Marseille', 48);
INSERT INTO Client (CodeC, CivC, NomC, PrenomC, RueFacC, CPostalFacC, VilleFacC, CodeSoc) VALUES (23, 'Mme', 'Thomas', 'Gabriel', '33 quai des Arts', '84000', 'Nantes', 43);
INSERT INTO Client (CodeC, CivC, NomC, PrenomC, RueFacC, CPostalFacC, VilleFacC, CodeSoc) VALUES (24, 'Mme', 'Roux', 'Yanis', '65 quai des Arts', '32871', 'Lyon', 18);
INSERT INTO Client (CodeC, CivC, NomC, PrenomC, RueFacC, CPostalFacC, VilleFacC, CodeSoc) VALUES (25, 'Mme', 'Robert', 'Alice', '30 allée des Acacias', '18330', 'Paris', 4);
INSERT INTO Client (CodeC, CivC, NomC, PrenomC, RueFacC, CPostalFacC, VilleFacC, CodeSoc) VALUES (26, 'M', 'Laurent', 'Yanis', '165 rue Victor-Hugo', '17972', 'Lille', 3);
INSERT INTO Client (CodeC, CivC, NomC, PrenomC, RueFacC, CPostalFacC, VilleFacC, CodeSoc) VALUES (27, 'M', 'Michel', 'Maya', '71 chemin des Prés', '92978', 'Nice', 32);
INSERT INTO Client (CodeC, CivC, NomC, PrenomC, RueFacC, CPostalFacC, VilleFacC, CodeSoc) VALUES (28, 'M', 'Simon', 'Wassim', '111 rue de la Paix', '39949', 'Toulouse', 19);
INSERT INTO Client (CodeC, CivC, NomC, PrenomC, RueFacC, CPostalFacC, VilleFacC, CodeSoc) VALUES (29, 'Mme', 'Lefebvre', 'Omar', '24 quai des Arts', '21188', 'Toulouse', 47);
INSERT INTO Client (CodeC, CivC, NomC, PrenomC, RueFacC, CPostalFacC, VilleFacC, CodeSoc) VALUES (30, 'Mme', 'Laurent', 'David', '171 quai des Arts', '65435', 'Nantes', 49);
INSERT INTO Client (CodeC, CivC, NomC, PrenomC, RueFacC, CPostalFacC, VilleFacC, CodeSoc) VALUES (31, 'M', 'Bernard', 'Xavier', '90 quai des Arts', '82910', 'Marseille', 39);
INSERT INTO Client (CodeC, CivC, NomC, PrenomC, RueFacC, CPostalFacC, VilleFacC, CodeSoc) VALUES (32, 'Mme', 'Leroy', 'Yanis', '178 boulevard des Capucines', '13794', 'Lille', 39);
INSERT INTO Client (CodeC, CivC, NomC, PrenomC, RueFacC, CPostalFacC, VilleFacC, CodeSoc) VALUES (33, 'Mme', 'Moreau', 'Wassim', '24 allée des Acacias', '79531', 'Marseille', NULL);
INSERT INTO Client (CodeC, CivC, NomC, PrenomC, RueFacC, CPostalFacC, VilleFacC, CodeSoc) VALUES (34, 'Mme', 'Garcia', 'Nina', '194 chemin des Prés', '16522', 'Marseille', 24);
INSERT INTO Client (CodeC, CivC, NomC, PrenomC, RueFacC, CPostalFacC, VilleFacC, CodeSoc) VALUES (35, 'M', 'Garcia', 'Inès', '29 boulevard des Capucines', '87743', 'Nice', 18);
INSERT INTO Client (CodeC, CivC, NomC, PrenomC, RueFacC, CPostalFacC, VilleFacC, CodeSoc) VALUES (36, 'M', 'Moreau', 'Victor', '84 rue Victor-Hugo', '11013', 'Paris', 4);
INSERT INTO Client (CodeC, CivC, NomC, PrenomC, RueFacC, CPostalFacC, VilleFacC, CodeSoc) VALUES (37, 'M', 'Richard', 'Nina', '112 rue Victor-Hugo', '70260', 'Lyon', NULL);
INSERT INTO Client (CodeC, CivC, NomC, PrenomC, RueFacC, CPostalFacC, VilleFacC, CodeSoc) VALUES (38, 'M', 'Vincent', 'Karim', '159 rue de la Paix', '57428', 'Toulouse', 26);
INSERT INTO Client (CodeC, CivC, NomC, PrenomC, RueFacC, CPostalFacC, VilleFacC, CodeSoc) VALUES (39, 'Mme', 'Durand', 'David', '131 allée des Acacias', '24945', 'Toulouse', 38);
INSERT INTO Client (CodeC, CivC, NomC, PrenomC, RueFacC, CPostalFacC, VilleFacC, CodeSoc) VALUES (40, 'M', 'Laurent', 'Gabriel', '195 quai des Arts', '95918', 'Marseille', 42);
INSERT INTO Client (CodeC, CivC, NomC, PrenomC, RueFacC, CPostalFacC, VilleFacC, CodeSoc) VALUES (41, 'Mme', 'David', 'Yanis', '81 avenue de la République', '67640', 'Toulouse', 21);
INSERT INTO Client (CodeC, CivC, NomC, PrenomC, RueFacC, CPostalFacC, VilleFacC, CodeSoc) VALUES (42, 'Mme', 'Moreau', 'Omar', '95 quai des Arts', '47627', 'Nantes', NULL);
INSERT INTO Client (CodeC, CivC, NomC, PrenomC, RueFacC, CPostalFacC, VilleFacC, CodeSoc) VALUES (43, 'Mme', 'Fournier', 'Chloé', '155 rue de la Paix', '75715', 'Lille', 36);
INSERT INTO Client (CodeC, CivC, NomC, PrenomC, RueFacC, CPostalFacC, VilleFacC, CodeSoc) VALUES (44, 'Mme', 'Garcia', 'Bob', '134 chemin des Prés', '30807', 'Paris', 16);
INSERT INTO Client (CodeC, CivC, NomC, PrenomC, RueFacC, CPostalFacC, VilleFacC, CodeSoc) VALUES (45, 'Mme', 'Lefebvre', 'Jules', '143 allée des Acacias', '60667', 'Toulouse', 50);
INSERT INTO Client (CodeC, CivC, NomC, PrenomC, RueFacC, CPostalFacC, VilleFacC, CodeSoc) VALUES (46, 'Mme', 'Fournier', 'Xavier', '153 allée des Acacias', '21104', 'Nantes', 22);
INSERT INTO Client (CodeC, CivC, NomC, PrenomC, RueFacC, CPostalFacC, VilleFacC, CodeSoc) VALUES (47, 'Mme', 'Simon', 'Maya', '5 boulevard des Capucines', '50483', 'Nantes', 34);
INSERT INTO Client (CodeC, CivC, NomC, PrenomC, RueFacC, CPostalFacC, VilleFacC, CodeSoc) VALUES (48, 'Mme', 'Simon', 'Gabriel', '10 allée des Acacias', '54140', 'Nantes', 7);
INSERT INTO Client (CodeC, CivC, NomC, PrenomC, RueFacC, CPostalFacC, VilleFacC, CodeSoc) VALUES (49, 'M', 'Robert', 'Théo', '174 allée des Acacias', '41133', 'Lille', 45);
INSERT INTO Client (CodeC, CivC, NomC, PrenomC, RueFacC, CPostalFacC, VilleFacC, CodeSoc) VALUES (50, 'M', 'Moreau', 'Théo', '119 quai des Arts', '46932', 'Nantes', 31);

INSERT INTO Proposer (CodeH, CodeTyCH, NbChambres) VALUES (50, 25, 69);
INSERT INTO Proposer (CodeH, CodeTyCH, NbChambres) VALUES (34, 27, 25);
INSERT INTO Proposer (CodeH, CodeTyCH, NbChambres) VALUES (13, 39, 22);
INSERT INTO Proposer (CodeH, CodeTyCH, NbChambres) VALUES (17, 4, 66);
INSERT INTO Proposer (CodeH, CodeTyCH, NbChambres) VALUES (24, 36, 18);
INSERT INTO Proposer (CodeH, CodeTyCH, NbChambres) VALUES (46, 34, 20);
INSERT INTO Proposer (CodeH, CodeTyCH, NbChambres) VALUES (19, 6, 25);
INSERT INTO Proposer (CodeH, CodeTyCH, NbChambres) VALUES (18, 29, 70);
INSERT INTO Proposer (CodeH, CodeTyCH, NbChambres) VALUES (10, 28, 16);
INSERT INTO Proposer (CodeH, CodeTyCH, NbChambres) VALUES (15, 29, 49);
INSERT INTO Proposer (CodeH, CodeTyCH, NbChambres) VALUES (2, 27, 11);
INSERT INTO Proposer (CodeH, CodeTyCH, NbChambres) VALUES (26, 33, 52);
INSERT INTO Proposer (CodeH, CodeTyCH, NbChambres) VALUES (16, 25, 15);
INSERT INTO Proposer (CodeH, CodeTyCH, NbChambres) VALUES (24, 15, 8);
INSERT INTO Proposer (CodeH, CodeTyCH, NbChambres) VALUES (21, 7, 47);
INSERT INTO Proposer (CodeH, CodeTyCH, NbChambres) VALUES (10, 9, 9);
INSERT INTO Proposer (CodeH, CodeTyCH, NbChambres) VALUES (19, 31, 22);
INSERT INTO Proposer (CodeH, CodeTyCH, NbChambres) VALUES (49, 46, 65);
INSERT INTO Proposer (CodeH, CodeTyCH, NbChambres) VALUES (29, 40, 5);
INSERT INTO Proposer (CodeH, CodeTyCH, NbChambres) VALUES (6, 2, 37);
INSERT INTO Proposer (CodeH, CodeTyCH, NbChambres) VALUES (14, 10, 75);
INSERT INTO Proposer (CodeH, CodeTyCH, NbChambres) VALUES (47, 39, 72);
INSERT INTO Proposer (CodeH, CodeTyCH, NbChambres) VALUES (28, 8, 41);
INSERT INTO Proposer (CodeH, CodeTyCH, NbChambres) VALUES (16, 20, 20);
INSERT INTO Proposer (CodeH, CodeTyCH, NbChambres) VALUES (4, 16, 58);
INSERT INTO Proposer (CodeH, CodeTyCH, NbChambres) VALUES (41, 40, 63);
INSERT INTO Proposer (CodeH, CodeTyCH, NbChambres) VALUES (5, 8, 68);
INSERT INTO Proposer (CodeH, CodeTyCH, NbChambres) VALUES (39, 35, 7);
INSERT INTO Proposer (CodeH, CodeTyCH, NbChambres) VALUES (41, 33, 78);
INSERT INTO Proposer (CodeH, CodeTyCH, NbChambres) VALUES (16, 46, 23);
INSERT INTO Proposer (CodeH, CodeTyCH, NbChambres) VALUES (19, 28, 5);
INSERT INTO Proposer (CodeH, CodeTyCH, NbChambres) VALUES (40, 23, 35);
INSERT INTO Proposer (CodeH, CodeTyCH, NbChambres) VALUES (37, 27, 28);
INSERT INTO Proposer (CodeH, CodeTyCH, NbChambres) VALUES (43, 43, 15);
INSERT INTO Proposer (CodeH, CodeTyCH, NbChambres) VALUES (34, 24, 13);
INSERT INTO Proposer (CodeH, CodeTyCH, NbChambres) VALUES (34, 35, 69);
INSERT INTO Proposer (CodeH, CodeTyCH, NbChambres) VALUES (33, 36, 7);
INSERT INTO Proposer (CodeH, CodeTyCH, NbChambres) VALUES (25, 31, 10);
INSERT INTO Proposer (CodeH, CodeTyCH, NbChambres) VALUES (41, 25, 52);
INSERT INTO Proposer (CodeH, CodeTyCH, NbChambres) VALUES (17, 48, 7);
INSERT INTO Proposer (CodeH, CodeTyCH, NbChambres) VALUES (23, 5, 49);
INSERT INTO Proposer (CodeH, CodeTyCH, NbChambres) VALUES (16, 47, 18);
INSERT INTO Proposer (CodeH, CodeTyCH, NbChambres) VALUES (50, 38, 47);
INSERT INTO Proposer (CodeH, CodeTyCH, NbChambres) VALUES (9, 3, 50);
INSERT INTO Proposer (CodeH, CodeTyCH, NbChambres) VALUES (35, 22, 27);
INSERT INTO Proposer (CodeH, CodeTyCH, NbChambres) VALUES (50, 44, 64);
INSERT INTO Proposer (CodeH, CodeTyCH, NbChambres) VALUES (45, 31, 28);
INSERT INTO Proposer (CodeH, CodeTyCH, NbChambres) VALUES (9, 5, 63);
INSERT INTO Proposer (CodeH, CodeTyCH, NbChambres) VALUES (3, 19, 30);
INSERT INTO Proposer (CodeH, CodeTyCH, NbChambres) VALUES (3, 13, 10);

INSERT INTO Reserver (CodeC, CodeH, CodeTyCH, DateArr, DateDep, NombreCH) VALUES (21, 6, 2, TO_DATE('2024-09-21','YYYY-MM-DD'), TO_DATE('2024-09-28','YYYY-MM-DD'), 4);
INSERT INTO Reserver (CodeC, CodeH, CodeTyCH, DateArr, DateDep, NombreCH) VALUES (17, 16, 20, TO_DATE('2024-04-08','YYYY-MM-DD'), TO_DATE('2024-04-13','YYYY-MM-DD'), 3);
INSERT INTO Reserver (CodeC, CodeH, CodeTyCH, DateArr, DateDep, NombreCH) VALUES (50, 33, 36, TO_DATE('2024-06-19','YYYY-MM-DD'), TO_DATE('2024-06-24','YYYY-MM-DD'), 1);
INSERT INTO Reserver (CodeC, CodeH, CodeTyCH, DateArr, DateDep, NombreCH) VALUES (24, 28, 8, TO_DATE('2024-07-24','YYYY-MM-DD'), TO_DATE('2024-08-01','YYYY-MM-DD'), 4);
INSERT INTO Reserver (CodeC, CodeH, CodeTyCH, DateArr, DateDep, NombreCH) VALUES (22, 19, 6, TO_DATE('2024-09-12','YYYY-MM-DD'), TO_DATE('2024-09-20','YYYY-MM-DD'), 3);
INSERT INTO Reserver (CodeC, CodeH, CodeTyCH, DateArr, DateDep, NombreCH) VALUES (34, 10, 9, TO_DATE('2024-02-12','YYYY-MM-DD'), TO_DATE('2024-02-19','YYYY-MM-DD'), 1);
INSERT INTO Reserver (CodeC, CodeH, CodeTyCH, DateArr, DateDep, NombreCH) VALUES (28, 46, 34, TO_DATE('2024-04-03','YYYY-MM-DD'), TO_DATE('2024-04-12','YYYY-MM-DD'), 3);
INSERT INTO Reserver (CodeC, CodeH, CodeTyCH, DateArr, DateDep, NombreCH) VALUES (21, 26, 33, TO_DATE('2024-02-10','YYYY-MM-DD'), TO_DATE('2024-02-16','YYYY-MM-DD'), 3);
INSERT INTO Reserver (CodeC, CodeH, CodeTyCH, DateArr, DateDep, NombreCH) VALUES (20, 29, 40, TO_DATE('2024-11-05','YYYY-MM-DD'), TO_DATE('2024-11-12','YYYY-MM-DD'), 2);
INSERT INTO Reserver (CodeC, CodeH, CodeTyCH, DateArr, DateDep, NombreCH) VALUES (45, 29, 40, TO_DATE('2024-06-29','YYYY-MM-DD'), TO_DATE('2024-07-07','YYYY-MM-DD'), 1);
INSERT INTO Reserver (CodeC, CodeH, CodeTyCH, DateArr, DateDep, NombreCH) VALUES (47, 17, 48, TO_DATE('2024-11-11','YYYY-MM-DD'), TO_DATE('2024-11-18','YYYY-MM-DD'), 3);
INSERT INTO Reserver (CodeC, CodeH, CodeTyCH, DateArr, DateDep, NombreCH) VALUES (41, 33, 36, TO_DATE('2024-02-08','YYYY-MM-DD'), TO_DATE('2024-02-15','YYYY-MM-DD'), 3);
INSERT INTO Reserver (CodeC, CodeH, CodeTyCH, DateArr, DateDep, NombreCH) VALUES (33, 24, 15, TO_DATE('2024-03-23','YYYY-MM-DD'), TO_DATE('2024-03-24','YYYY-MM-DD'), 2);
INSERT INTO Reserver (CodeC, CodeH, CodeTyCH, DateArr, DateDep, NombreCH) VALUES (39, 34, 35, TO_DATE('2024-08-13','YYYY-MM-DD'), TO_DATE('2024-08-14','YYYY-MM-DD'), 2);
INSERT INTO Reserver (CodeC, CodeH, CodeTyCH, DateArr, DateDep, NombreCH) VALUES (5, 3, 13, TO_DATE('2024-11-27','YYYY-MM-DD'), TO_DATE('2024-12-03','YYYY-MM-DD'), 3);
INSERT INTO Reserver (CodeC, CodeH, CodeTyCH, DateArr, DateDep, NombreCH) VALUES (25, 35, 22, TO_DATE('2025-01-17','YYYY-MM-DD'), TO_DATE('2025-01-27','YYYY-MM-DD'), 2);
INSERT INTO Reserver (CodeC, CodeH, CodeTyCH, DateArr, DateDep, NombreCH) VALUES (44, 29, 40, TO_DATE('2025-07-09','YYYY-MM-DD'), TO_DATE('2025-07-15','YYYY-MM-DD'), 4);
INSERT INTO Reserver (CodeC, CodeH, CodeTyCH, DateArr, DateDep, NombreCH) VALUES (49, 40, 23, TO_DATE('2025-10-21','YYYY-MM-DD'), TO_DATE('2025-10-24','YYYY-MM-DD'), 3);
INSERT INTO Reserver (CodeC, CodeH, CodeTyCH, DateArr, DateDep, NombreCH) VALUES (26, 41, 33, TO_DATE('2025-05-23','YYYY-MM-DD'), TO_DATE('2025-05-27','YYYY-MM-DD'), 1);
INSERT INTO Reserver (CodeC, CodeH, CodeTyCH, DateArr, DateDep, NombreCH) VALUES (2, 24, 15, TO_DATE('2025-04-06','YYYY-MM-DD'), TO_DATE('2025-04-14','YYYY-MM-DD'), 4);
INSERT INTO Reserver (CodeC, CodeH, CodeTyCH, DateArr, DateDep, NombreCH) VALUES (36, 43, 43, TO_DATE('2025-05-15','YYYY-MM-DD'), TO_DATE('2025-05-20','YYYY-MM-DD'), 4);
INSERT INTO Reserver (CodeC, CodeH, CodeTyCH, DateArr, DateDep, NombreCH) VALUES (14, 17, 4, TO_DATE('2025-05-27','YYYY-MM-DD'), TO_DATE('2025-06-04','YYYY-MM-DD'), 2);
INSERT INTO Reserver (CodeC, CodeH, CodeTyCH, DateArr, DateDep, NombreCH) VALUES (8, 13, 39, TO_DATE('2025-02-07','YYYY-MM-DD'), TO_DATE('2025-02-15','YYYY-MM-DD'), 2);
INSERT INTO Reserver (CodeC, CodeH, CodeTyCH, DateArr, DateDep, NombreCH) VALUES (46, 29, 40, TO_DATE('2025-02-14','YYYY-MM-DD'), TO_DATE('2025-02-20','YYYY-MM-DD'), 3);
INSERT INTO Reserver (CodeC, CodeH, CodeTyCH, DateArr, DateDep, NombreCH) VALUES (46, 40, 23, TO_DATE('2025-10-09','YYYY-MM-DD'), TO_DATE('2025-10-18','YYYY-MM-DD'), 3);
INSERT INTO Reserver (CodeC, CodeH, CodeTyCH, DateArr, DateDep, NombreCH) VALUES (20, 14, 10, TO_DATE('2025-11-23','YYYY-MM-DD'), TO_DATE('2025-11-26','YYYY-MM-DD'), 3);
INSERT INTO Reserver (CodeC, CodeH, CodeTyCH, DateArr, DateDep, NombreCH) VALUES (33, 3, 19, TO_DATE('2025-03-04','YYYY-MM-DD'), TO_DATE('2025-03-08','YYYY-MM-DD'), 2);
INSERT INTO Reserver (CodeC, CodeH, CodeTyCH, DateArr, DateDep, NombreCH) VALUES (16, 49, 46, TO_DATE('2025-01-14','YYYY-MM-DD'), TO_DATE('2026-01-20','YYYY-MM-DD'), 3);
INSERT INTO Reserver (CodeC, CodeH, CodeTyCH, DateArr, DateDep, NombreCH) VALUES (30, 50, 44, TO_DATE('2026-03-08','YYYY-MM-DD'), TO_DATE('2026-03-18','YYYY-MM-DD'), 1);
INSERT INTO Reserver (CodeC, CodeH, CodeTyCH, DateArr, DateDep, NombreCH) VALUES (5, 6, 2, TO_DATE('2026-07-23','YYYY-MM-DD'), TO_DATE('2026-07-31','YYYY-MM-DD'), 4);
INSERT INTO Reserver (CodeC, CodeH, CodeTyCH, DateArr, DateDep, NombreCH) VALUES (50, 39, 35, TO_DATE('2026-10-22','YYYY-MM-DD'), TO_DATE('2026-10-24','YYYY-MM-DD'), 2);
INSERT INTO Reserver (CodeC, CodeH, CodeTyCH, DateArr, DateDep, NombreCH) VALUES (21, 9, 3, TO_DATE('2026-02-07','YYYY-MM-DD'), TO_DATE('2026-02-15','YYYY-MM-DD'), 4);
INSERT INTO Reserver (CodeC, CodeH, CodeTyCH, DateArr, DateDep, NombreCH) VALUES (44, 47, 39, TO_DATE('2026-06-26','YYYY-MM-DD'), TO_DATE('2026-06-29','YYYY-MM-DD'), 2);
INSERT INTO Reserver (CodeC, CodeH, CodeTyCH, DateArr, DateDep, NombreCH) VALUES (50, 13, 39, TO_DATE('2026-08-10','YYYY-MM-DD'), TO_DATE('2026-08-19','YYYY-MM-DD'), 1);
INSERT INTO Reserver (CodeC, CodeH, CodeTyCH, DateArr, DateDep, NombreCH) VALUES (8, 47, 39, TO_DATE('2026-03-20','YYYY-MM-DD'), TO_DATE('2026-03-25','YYYY-MM-DD'), 2);
INSERT INTO Reserver (CodeC, CodeH, CodeTyCH, DateArr, DateDep, NombreCH) VALUES (11, 41, 33, TO_DATE('2026-04-26','YYYY-MM-DD'), TO_DATE('2026-05-02','YYYY-MM-DD'), 3);
INSERT INTO Reserver (CodeC, CodeH, CodeTyCH, DateArr, DateDep, NombreCH) VALUES (6, 45, 31, TO_DATE('2026-04-11','YYYY-MM-DD'), TO_DATE('2026-04-20','YYYY-MM-DD'), 3);
INSERT INTO Reserver (CodeC, CodeH, CodeTyCH, DateArr, DateDep, NombreCH) VALUES (9, 4, 16, TO_DATE('2022-06-05','YYYY-MM-DD'), TO_DATE('2022-06-15','YYYY-MM-DD'), 1);
INSERT INTO Reserver (CodeC, CodeH, CodeTyCH, DateArr, DateDep, NombreCH) VALUES (33, 9, 3, TO_DATE('2022-03-28','YYYY-MM-DD'), TO_DATE('2022-04-07','YYYY-MM-DD'), 2);
INSERT INTO Reserver (CodeC, CodeH, CodeTyCH, DateArr, DateDep, NombreCH) VALUES (11, 5, 8, TO_DATE('2022-11-16','YYYY-MM-DD'), TO_DATE('2022-11-26','YYYY-MM-DD'), 3);
INSERT INTO Reserver (CodeC, CodeH, CodeTyCH, DateArr, DateDep, NombreCH) VALUES (37, 16, 20, TO_DATE('2022-01-15','YYYY-MM-DD'), TO_DATE('2022-01-17','YYYY-MM-DD'), 1);
INSERT INTO Reserver (CodeC, CodeH, CodeTyCH, DateArr, DateDep, NombreCH) VALUES (42, 21, 7, TO_DATE('2022-10-23','YYYY-MM-DD'), TO_DATE('2022-10-28','YYYY-MM-DD'), 2);
INSERT INTO Reserver (CodeC, CodeH, CodeTyCH, DateArr, DateDep, NombreCH) VALUES (50, 35, 22, TO_DATE('2022-08-02','YYYY-MM-DD'), TO_DATE('2022-08-12','YYYY-MM-DD'), 1);
INSERT INTO Reserver (CodeC, CodeH, CodeTyCH, DateArr, DateDep, NombreCH) VALUES (32, 4, 16, TO_DATE('2021-10-07','YYYY-MM-DD'), TO_DATE('2021-10-12','YYYY-MM-DD'), 3);
INSERT INTO Reserver (CodeC, CodeH, CodeTyCH, DateArr, DateDep, NombreCH) VALUES (31, 3, 13, TO_DATE('2021-07-27','YYYY-MM-DD'), TO_DATE('2021-08-01','YYYY-MM-DD'), 4);
INSERT INTO Reserver (CodeC, CodeH, CodeTyCH, DateArr, DateDep, NombreCH) VALUES (5, 50, 25, TO_DATE('2021-01-31','YYYY-MM-DD'), TO_DATE('2021-02-03','YYYY-MM-DD'), 4);
INSERT INTO Reserver (CodeC, CodeH, CodeTyCH, DateArr, DateDep, NombreCH) VALUES (27, 16, 46, TO_DATE('2021-08-26','YYYY-MM-DD'), TO_DATE('2021-08-30','YYYY-MM-DD'), 3);
INSERT INTO Reserver (CodeC, CodeH, CodeTyCH, DateArr, DateDep, NombreCH) VALUES (39, 18, 29, TO_DATE('2021-06-10','YYYY-MM-DD'), TO_DATE('2021-06-16','YYYY-MM-DD'), 3);
INSERT INTO Reserver (CodeC, CodeH, CodeTyCH, DateArr, DateDep, NombreCH) VALUES (26, 13, 39, TO_DATE('2025-07-09','YYYY-MM-DD'), TO_DATE('2025-07-18','YYYY-MM-DD'), 1);
INSERT INTO Reserver (CodeC, CodeH, CodeTyCH, DateArr, DateDep, NombreCH) VALUES (21, 3, 13, TO_DATE('2025-08-27','YYYY-MM-DD'), TO_DATE('2025-08-29','YYYY-MM-DD'), 3);
COMMIT;